
BEGIN;

SET client_encoding TO 'UTF8';
SET synchronous_commit TO off;


COPY countries (country_id,country_name,region_id) FROM STDIN;
AR	Argentina	20
AU	Australia	40
BE	Belgium	10
BR	Brazil	20
CA	Canada	20
CH	Switzerland	10
CN	China	30
DE	Germany	10
DK	Denmark	10
EG	Egypt	50
FR	France	10
GB	United Kingdom of Great Britain and Northern Ireland	10
IL	Israel	30
IN	India	30
IT	Italy	10
JP	Japan	30
KW	Kuwait	30
ML	Malaysia	30
MX	Mexico	20
NG	Nigeria	50
NL	Netherlands	10
SG	Singapore	30
US	United States of America	20
ZM	Zambia	50
ZW	Zimbabwe	50
\.

SET client_encoding TO 'UTF8';
SET synchronous_commit TO off;


COPY departments (department_id,department_name,manager_id,location_id) FROM STDIN;
10	Administration	200	1700
20	Marketing	201	1800
30	Purchasing	114	1700
40	Human Resources	203	2400
50	Shipping	121	1500
60	IT	103	1400
70	Public Relations	204	2700
80	Sales	145	2500
90	Executive	100	1700
100	Finance	108	1700
110	Accounting	205	1700
120	Treasury	\N	1700
130	Corporate Tax	\N	1700
140	Control And Credit	\N	1700
150	Shareholder Services	\N	1700
160	Benefits	\N	1700
170	Manufacturing	\N	1700
180	Construction	\N	1700
190	Contracting	\N	1700
200	Operations	\N	1700
210	IT Support	\N	1700
220	NOC	\N	1700
230	IT Helpdesk	\N	1700
240	Government Sales	\N	1700
250	Retail Sales	\N	1700
260	Recruiting	\N	1700
270	Payroll	\N	1700
\.

SET client_encoding TO 'UTF8';
SET synchronous_commit TO off;


COPY employees (employee_id,first_name,last_name,email,phone_number,hire_date,job_id,salary,commission_pct,manager_id,department_id) FROM STDIN;
100	Steven	King	SKING	1.515.555.0100	2013-06-17 00:00:00	AD_PRES	24000	\N	\N	90
101	Neena	Yang	NYANG	1.515.555.0101	2015-09-21 00:00:00	AD_VP	17000	\N	100	90
102	Lex	Garcia	LGARCIA	1.515.555.0102	2011-01-13 00:00:00	AD_VP	17000	\N	100	90
103	Alexander	James	AJAMES	1.590.555.0103	2016-01-03 00:00:00	IT_PROG	9000	\N	102	60
104	Bruce	Miller	BMILLER	1.590.555.0104	2017-05-21 00:00:00	IT_PROG	6000	\N	103	60
105	David	Williams	DWILLIAMS	1.590.555.0105	2015-06-25 00:00:00	IT_PROG	4800	\N	103	60
106	Valli	Jackson	VJACKSON	1.590.555.0106	2016-02-05 00:00:00	IT_PROG	4800	\N	103	60
107	Diana	Nguyen	DNGUYEN	1.590.555.0107	2017-02-07 00:00:00	IT_PROG	4200	\N	103	60
108	Nancy	Gruenberg	NGRUENBE	1.515.555.0108	2012-08-17 00:00:00	FI_MGR	12008	\N	101	100
109	Daniel	Faviet	DFAVIET	1.515.555.0109	2012-08-16 00:00:00	FI_ACCOUNT	9000	\N	108	100
110	John	Chen	JCHEN	1.515.555.0110	2015-09-28 00:00:00	FI_ACCOUNT	8200	\N	108	100
111	Ismael	Sciarra	ISCIARRA	1.515.555.0111	2015-09-30 00:00:00	FI_ACCOUNT	7700	\N	108	100
112	Jose Manuel	Urman	JMURMAN	1.515.555.0112	2016-03-07 00:00:00	FI_ACCOUNT	7800	\N	108	100
113	Luis	Popp	LPOPP	1.515.555.0113	2017-12-07 00:00:00	FI_ACCOUNT	6900	\N	108	100
114	Den	Li	DLI	1.515.555.0114	2012-12-07 00:00:00	PU_MAN	11000	\N	100	30
115	Alexander	Khoo	AKHOO	1.515.555.0115	2013-05-18 00:00:00	PU_CLERK	3100	\N	114	30
116	Shelli	Baida	SBAIDA	1.515.555.0116	2015-12-24 00:00:00	PU_CLERK	2900	\N	114	30
117	Sigal	Tobias	STOBIAS	1.515.555.0117	2015-07-24 00:00:00	PU_CLERK	2800	\N	114	30
118	Guy	Himuro	GHIMURO	1.515.555.0118	2016-11-15 00:00:00	PU_CLERK	2600	\N	114	30
119	Karen	Colmenares	KCOLMENA	1.515.555.0119	2017-08-10 00:00:00	PU_CLERK	2500	\N	114	30
120	Matthew	Weiss	MWEISS	1.650.555.0120	2014-07-18 00:00:00	ST_MAN	8000	\N	100	50
121	Adam	Fripp	AFRIPP	1.650.555.0121	2015-04-10 00:00:00	ST_MAN	8200	\N	100	50
122	Payam	Kaufling	PKAUFLIN	1.650.555.0122	2013-05-01 00:00:00	ST_MAN	7900	\N	100	50
123	Shanta	Vollman	SVOLLMAN	1.650.555.0123	2015-10-10 00:00:00	ST_MAN	6500	\N	100	50
124	Kevin	Mourgos	KMOURGOS	1.650.555.0124	2017-11-16 00:00:00	ST_MAN	5800	\N	100	50
125	Julia	Nayer	JNAYER	1.650.555.0125	2015-07-16 00:00:00	ST_CLERK	3200	\N	120	50
126	Irene	Mikkilineni	IMIKKILI	1.650.555.0126	2016-09-28 00:00:00	ST_CLERK	2700	\N	120	50
127	James	Landry	JLANDRY	1.650.555.0127	2017-01-14 00:00:00	ST_CLERK	2400	\N	120	50
128	Steven	Markle	SMARKLE	1.650.555.0128	2018-03-08 00:00:00	ST_CLERK	2200	\N	120	50
129	Laura	Bissot	LBISSOT	1.650.555.0129	2015-08-20 00:00:00	ST_CLERK	3300	\N	121	50
130	Mozhe	Atkinson	MATKINSO	1.650.555.0130	2015-10-30 00:00:00	ST_CLERK	2800	\N	121	50
131	James	Marlow	JAMRLOW	1.650.555.0131	2015-02-16 00:00:00	ST_CLERK	2500	\N	121	50
132	TJ	Olson	TJOLSON	1.650.555.0132	2017-04-10 00:00:00	ST_CLERK	2100	\N	121	50
133	Jason	Mallin	JMALLIN	1.650.555.0133	2014-06-14 00:00:00	ST_CLERK	3300	\N	122	50
134	Michael	Rogers	MROGERS	1.650.555.0134	2016-08-26 00:00:00	ST_CLERK	2900	\N	122	50
135	Ki	Gee	KGEE	1.650.555.0135	2017-12-12 00:00:00	ST_CLERK	2400	\N	122	50
136	Hazel	Philtanker	HPHILTAN	1.650.555.0136	2018-02-06 00:00:00	ST_CLERK	2200	\N	122	50
137	Renske	Ladwig	RLADWIG	1.650.555.0137	2013-07-14 00:00:00	ST_CLERK	3600	\N	123	50
138	Stephen	Stiles	SSTILES	1.650.555.0138	2015-10-26 00:00:00	ST_CLERK	3200	\N	123	50
139	John	Seo	JSEO	1.650.555.0139	2016-02-12 00:00:00	ST_CLERK	2700	\N	123	50
140	Joshua	Patel	JPATEL	1.650.555.0140	2016-04-06 00:00:00	ST_CLERK	2500	\N	123	50
141	Trenna	Rajs	TRAJS	1.650.555.0141	2013-10-17 00:00:00	ST_CLERK	3500	\N	124	50
142	Curtis	Davies	CDAVIES	1.650.555.0142	2015-01-29 00:00:00	ST_CLERK	3100	\N	124	50
143	Randall	Matos	RMATOS	1.650.555.0143	2016-03-15 00:00:00	ST_CLERK	2600	\N	124	50
144	Peter	Vargas	PVARGAS	1.650.555.0144	2016-07-09 00:00:00	ST_CLERK	2500	\N	124	50
145	John	Singh	JSINGH	44.1632.960000	2014-10-01 00:00:00	SA_MAN	14000	.4	100	80
146	Karen	Partners	KPARTNER	44.1632.960001	2015-01-05 00:00:00	SA_MAN	13500	.3	100	80
147	Alberto	Errazuriz	AERRAZUR	44.1632.960002	2015-03-10 00:00:00	SA_MAN	12000	.3	100	80
148	Gerald	Cambrault	GCAMBRAU	44.1632.960003	2017-10-15 00:00:00	SA_MAN	11000	.3	100	80
149	Eleni	Zlotkey	EZLOTKEY	44.1632.960004	2018-01-29 00:00:00	SA_MAN	10500	.2	100	80
150	Sean	Tucker	STUCKER	44.1632.960005	2015-01-30 00:00:00	SA_REP	10000	.3	145	80
151	David	Bernstein	DBERNSTE	44.1632.960006	2015-03-24 00:00:00	SA_REP	9500	.25	145	80
152	Peter	Hall	PHALL	44.1632.960007	2015-08-20 00:00:00	SA_REP	9000	.25	145	80
153	Christopher	Olsen	COLSEN	44.1632.960008	2016-03-30 00:00:00	SA_REP	8000	.2	145	80
154	Nanette	Cambrault	NCAMBRAU	44.1632.960009	2016-12-09 00:00:00	SA_REP	7500	.2	145	80
155	Oliver	Tuvault	OTUVAULT	44.1632.960010	2017-11-23 00:00:00	SA_REP	7000	.15	145	80
156	Janette	King	JKING	44.1632.960011	2014-01-30 00:00:00	SA_REP	10000	.35	146	80
157	Patrick	Sully	PSULLY	44.1632.960012	2014-03-04 00:00:00	SA_REP	9500	.35	146	80
158	Allan	McEwen	AMCEWEN	44.1632.960013	2014-08-01 00:00:00	SA_REP	9000	.35	146	80
159	Lindsey	Smith	LSMITH	44.1632.960014	2015-03-10 00:00:00	SA_REP	8000	.3	146	80
160	Louise	Doran	LDORAN	44.1632.960015	2015-12-15 00:00:00	SA_REP	7500	.3	146	80
161	Sarath	Sewall	SSEWALL	44.1632.960016	2016-11-03 00:00:00	SA_REP	7000	.25	146	80
162	Clara	Vishney	CVISHNEY	44.1632.960017	2015-11-11 00:00:00	SA_REP	10500	.25	147	80
163	Danielle	Greene	DGREENE	44.1632.960018	2017-03-19 00:00:00	SA_REP	9500	.15	147	80
164	Mattea	Marvins	MMARVINS	44.1632.960019	2018-01-24 00:00:00	SA_REP	7200	.1	147	80
165	David	Lee	DLEE	44.1632.960020	2018-02-23 00:00:00	SA_REP	6800	.1	147	80
166	Sundar	Ande	SANDE	44.1632.960021	2018-03-24 00:00:00	SA_REP	6400	.1	147	80
167	Amit	Banda	ABANDA	44.1632.960022	2018-04-21 00:00:00	SA_REP	6200	.1	147	80
168	Lisa	Ozer	LOZER	44.1632.960023	2015-03-11 00:00:00	SA_REP	11500	.25	148	80
169	Harrison	Bloom	HBLOOM	44.1632.960024	2016-03-23 00:00:00	SA_REP	10000	.2	148	80
170	Tayler	Fox	TFOX	44.1632.960025	2016-01-24 00:00:00	SA_REP	9600	.2	148	80
171	William	Smith	WSMITH	44.1632.960026	2017-02-23 00:00:00	SA_REP	7400	.15	148	80
172	Elizabeth	Bates	EBATES	44.1632.960027	2017-03-24 00:00:00	SA_REP	7300	.15	148	80
173	Sundita	Kumar	SKUMAR	44.1632.960028	2018-04-21 00:00:00	SA_REP	6100	.1	148	80
174	Ellen	Abel	EABEL	44.1632.960029	2014-05-11 00:00:00	SA_REP	11000	.3	149	80
175	Alyssa	Hutton	AHUTTON	44.1632.960030	2015-03-19 00:00:00	SA_REP	8800	.25	149	80
176	Jonathon	Taylor	JTAYLOR	44.1632.960031	2016-03-24 00:00:00	SA_REP	8600	.2	149	80
177	Jack	Livingston	JLIVINGS	44.1632.960032	2016-04-23 00:00:00	SA_REP	8400	.2	149	80
178	Kimberely	Grant	KGRANT	44.1632.960033	2017-05-24 00:00:00	SA_REP	7000	.15	149	\N
179	Charles	Johnson	CJOHNSON	44.1632.960034	2018-01-04 00:00:00	SA_REP	6200	.1	149	80
180	Winston	Taylor	WTAYLOR	1.650.555.0145	2016-01-24 00:00:00	SH_CLERK	3200	\N	120	50
181	Jean	Fleaur	JFLEAUR	1.650.555.0146	2016-02-23 00:00:00	SH_CLERK	3100	\N	120	50
182	Martha	Sullivan	MSULLIVA	1.650.555.0147	2017-06-21 00:00:00	SH_CLERK	2500	\N	120	50
183	Girard	Geoni	GGEONI	1.650.555.0148	2018-02-03 00:00:00	SH_CLERK	2800	\N	120	50
184	Nandita	Sarchand	NSARCHAN	1.650.555.0149	2014-01-27 00:00:00	SH_CLERK	4200	\N	121	50
185	Alexis	Bull	ABULL	1.650.555.0150	2015-02-20 00:00:00	SH_CLERK	4100	\N	121	50
186	Julia	Dellinger	JDELLING	1.650.555.0151	2016-06-24 00:00:00	SH_CLERK	3400	\N	121	50
187	Anthony	Cabrio	ACABRIO	1.650.555.0152	2017-02-07 00:00:00	SH_CLERK	3000	\N	121	50
188	Kelly	Chung	KCHUNG	1.650.555.0153	2015-06-14 00:00:00	SH_CLERK	3800	\N	122	50
189	Jennifer	Dilly	JDILLY	1.650.555.0154	2015-08-13 00:00:00	SH_CLERK	3600	\N	122	50
190	Timothy	Venzl	TVENZL	1.650.555.0155	2016-07-11 00:00:00	SH_CLERK	2900	\N	122	50
191	Randall	Perkins	RPERKINS	1.650.555.0156	2017-12-19 00:00:00	SH_CLERK	2500	\N	122	50
192	Sarah	Bell	SBELL	1.650.555.0157	2014-02-04 00:00:00	SH_CLERK	4000	\N	123	50
193	Britney	Everett	BEVERETT	1.650.555.0158	2015-03-03 00:00:00	SH_CLERK	3900	\N	123	50
194	Samuel	McLeod	SMCLEOD	1.650.555.0159	2016-07-01 00:00:00	SH_CLERK	3200	\N	123	50
195	Vance	Jones	VJONES	1.650.555.0160	2017-03-17 00:00:00	SH_CLERK	2800	\N	123	50
196	Alana	Walsh	AWALSH	1.650.555.0161	2016-04-24 00:00:00	SH_CLERK	3100	\N	124	50
197	Kevin	Feeney	KFEENEY	1.650.555.0162	2016-05-23 00:00:00	SH_CLERK	3000	\N	124	50
198	Donald	OConnell	DOCONNEL	1.650.555.0163	2017-06-21 00:00:00	SH_CLERK	2600	\N	124	50
199	Douglas	Grant	DGRANT	1.650.555.0164	2018-01-13 00:00:00	SH_CLERK	2600	\N	124	50
200	Jennifer	Whalen	JWHALEN	1.515.555.0165	2013-09-17 00:00:00	AD_ASST	4400	\N	101	10
201	Michael	Martinez	MMARTINE	1.515.555.0166	2014-02-17 00:00:00	MK_MAN	13000	\N	100	20
202	Pat	Davis	PDAVIS	1.603.555.0167	2015-08-17 00:00:00	MK_REP	6000	\N	201	20
203	Susan	Jacobs	SJACOBS	1.515.555.0168	2012-06-07 00:00:00	HR_REP	6500	\N	101	40
204	Hermann	Brown	HBROWN	1.515.555.0169	2012-06-07 00:00:00	PR_REP	10000	\N	101	70
205	Shelley	Higgins	SHIGGINS	1.515.555.0170	2012-06-07 00:00:00	AC_MGR	12008	\N	101	110
206	William	Gietz	WGIETZ	1.515.555.0171	2012-06-07 00:00:00	AC_ACCOUNT	8300	\N	205	110
\.

SET client_encoding TO 'UTF8';
SET synchronous_commit TO off;


COPY jobs (job_id,job_title,min_salary,max_salary) FROM STDIN;
AD_PRES	President	20080	40000
AD_VP	Administration Vice President	15000	30000
AD_ASST	Administration Assistant	3000	6000
FI_MGR	Finance Manager	8200	16000
FI_ACCOUNT	Accountant	4200	9000
AC_MGR	Accounting Manager	8200	16000
AC_ACCOUNT	Public Accountant	4200	9000
SA_MAN	Sales Manager	10000	20080
SA_REP	Sales Representative	6000	12008
PU_MAN	Purchasing Manager	8000	15000
PU_CLERK	Purchasing Clerk	2500	5500
ST_MAN	Stock Manager	5500	8500
ST_CLERK	Stock Clerk	2008	5000
SH_CLERK	Shipping Clerk	2500	5500
IT_PROG	Programmer	4000	10000
MK_MAN	Marketing Manager	9000	15000
MK_REP	Marketing Representative	4000	9000
HR_REP	Human Resources Representative	4000	9000
PR_REP	Public Relations Representative	4500	10500
\.

SET client_encoding TO 'UTF8';
SET synchronous_commit TO off;


COPY job_history (employee_id,start_date,end_date,job_id,department_id) FROM STDIN;
102	2011-01-13 00:00:00	2016-07-24 00:00:00	IT_PROG	60
101	2007-09-21 00:00:00	2011-10-27 00:00:00	AC_ACCOUNT	110
101	2011-10-28 00:00:00	2015-03-15 00:00:00	AC_MGR	110
201	2014-02-17 00:00:00	2017-12-19 00:00:00	MK_REP	20
114	2016-03-24 00:00:00	2017-12-31 00:00:00	ST_CLERK	50
122	2017-01-01 00:00:00	2017-12-31 00:00:00	ST_CLERK	50
200	2005-09-17 00:00:00	2011-06-17 00:00:00	AD_ASST	90
176	2016-03-24 00:00:00	2016-12-31 00:00:00	SA_REP	80
176	2017-01-01 00:00:00	2017-12-31 00:00:00	SA_MAN	80
200	2012-07-01 00:00:00	2016-12-31 00:00:00	AC_ACCOUNT	90
\.

SET client_encoding TO 'UTF8';
SET synchronous_commit TO off;


COPY locations (location_id,street_address,postal_code,city,state_province,country_id) FROM STDIN;
1000	1297 Via Cola di Rie	00989	Roma	\N	IT
1100	93091 Calle della Testa	10934	Venice	\N	IT
1200	2017 Shinjuku-ku	1689	Tokyo	Tokyo Prefecture	JP
1300	9450 Kamiya-cho	6823	Hiroshima	\N	JP
1400	2014 Jabberwocky Rd	26192	Southlake	Texas	US
1500	2011 Interiors Blvd	99236	South San Francisco	California	US
1600	2007 Zagora St	50090	South Brunswick	New Jersey	US
1700	2004 Charade Rd	98199	Seattle	Washington	US
1800	147 Spadina Ave	M5V 2L7	Toronto	Ontario	CA
1900	6092 Boxwood St	YSW 9T2	Whitehorse	Yukon	CA
2000	40-5-12 Laogianggen	190518	Beijing	\N	CN
2100	1298 Vileparle (E)	490231	Bombay	Maharashtra	IN
2200	12-98 Victoria Street	2901	Sydney	New South Wales	AU
2300	198 Clementi North	540198	Singapore	\N	SG
2400	8204 Arthur St	\N	London	\N	GB
2500	Magdalen Centre, The Oxford Science Park	OX9 9ZB	Oxford	Oxford	GB
2600	9702 Chester Road	09629850293	Stretford	Manchester	GB
2700	Schwanthalerstr. 7031	80925	Munich	Bavaria	DE
2800	Rua Frei Caneca 1360 	01307-002	Sao Paulo	Sao Paulo	BR
2900	20 Rue des Corps-Saints	1730	Geneva	Geneve	CH
3000	Murtenstrasse 921	3095	Bern	BE	CH
3100	Pieter Breughelstraat 837	3029SK	Utrecht	Utrecht	NL
3200	Mariano Escobedo 9991	11932	Mexico City	Distrito Federal	MX
\.

SET client_encoding TO 'UTF8';
SET synchronous_commit TO off;


COPY regions (region_id,region_name) FROM STDIN;
10	Europe
20	Americas
30	Asia
40	Oceania
50	Africa
\.

COMMIT;

